Trial_ID,Alpha_Values,Validation_Loss,Best_Validation_Loss
0,"[['constant', 0.3468057353481512], ['constant', 0.8570025269982613]]",1.6955069,
1,"[['cold_start', {'final_value': 0.28545448334331835, 'rate': 0.8371396701855339, 'cutoff_epoch': 8}], ['cold_start', {'final_value': 0.6627967776344643, 'rate': 0.45035610596726594, 'cutoff_epoch': 10}]]",1.6915101,
2,"[['constant', 0.02636793104337387], ['anneal', {'start_value': 0.6052641119493306, 'rate': 0.6298822259661304, 'frequency': 2}]]",1.6987096,
3,"[['anneal', {'start_value': 0.4149553899907128, 'rate': 1.037181295131224, 'frequency': 2}], ['constant', 0.9106797901141462]]",1.6939222,
4,"[['constant', 0.9518071325170812], ['constant', 0.7069648155018257]]",1.6866703,
4,,,1.6866703
